firstname,lastname,street,city,state,zip,phone1,email
James,Butt,6649 N Blue Gum St,New Orleans,LA,70116,5046218927,jbutt@gmail.com
Josephine,Darakjy,4 B Blue Ridge Blvd,Brighton,MI,48116,8102929388,josephine_darakjy@darakjy.org
Art,Venere,8 W Cerritos Ave #54,Bridgeport,NJ,8014,8566368749,art@venere.org
Lenna,Paprocki,639 Main St,Anchorage,AK,99501,9073854412,lpaprocki@hotmail.com
Donette,Foller,34 Center St,Hamilton,OH,45011,5135701893,donette.foller@cox.net
Simona,Morasca,3 Mcauley Dr,Ashland,OH,44805,4195032484,simona@morasca.com
Mitsue,Tollner,7 Eads St,Chicago,IL,60632,7735736914,mitsue_tollner@yahoo.com
Leota,Dilliard,7 W Jackson Blvd,San Jose,CA,95111,4087523500,leota@hotmail.com
Sage,Wieser,5 Boston Ave #88,Sioux Falls,SD,57105,6054142147,sage_wieser@cox.net
Kris,Marrier,228 Runamuck Pl #2808,Baltimore,MD,21224,4106558723,kris@gmail.com
Minna,Amigon,2371 Jerrold Ave,Kulpsville,PA,19443,2158741229,minna_amigon@yahoo.com
Abel,Maclead,37275 St  Rt 17m M,Middle Island,NY,11953,6313353414,amaclead@gmail.com
Kiley,Caldarera,25 E 75th St #69,Los Angeles,CA,90034,3104985651,kiley.caldarera@aol.com
Graciela,Ruta,98 Connecticut Ave Nw,Chagrin Falls,OH,44023,4407808425,gruta@cox.net
Cammy,Albares,56 E Morehead St,Laredo,TX,78045,9565376195,calbares@gmail.com
Mattie,Poquette,73 State Road 434 E,Phoenix,AZ,85013,6022774385,mattie@aol.com
Meaghan,Garufi,69734 E Carrillo St,Mc Minnville,TN,37110,9313139635,meaghan@hotmail.com
Gladys,Rim,322 New Horizon Blvd,Milwaukee,WI,53207,4146619598,gladys.rim@rim.org
Yuki,Whobrey,1 State Route 27,Taylor,MI,48180,3132887937,yuki_whobrey@aol.com
Fletcher,Flosi,394 Manchester Blvd,Rockford,IL,61109,8158282147,fletcher.flosi@yahoo.com
Bette,Nicka,6 S 33rd St,Aston,PA,19014,6105453615,bette_nicka@cox.net
Veronika,Inouye,6 Greenleaf Ave,San Jose,CA,95111,4085401785,vinouye@aol.com
Willard,Kolmetz,618 W Yakima Ave,Irving,TX,75062,9723039197,willard@hotmail.com
Maryann,Royster,74 S Westgate St,Albany,NY,12204,5189667987,mroyster@royster.com
Alisha,Slusarski,3273 State St,Middlesex,NJ,8846,7326583154,alisha@slusarski.com
Allene,Iturbide,1 Central Ave,Stevens Point,WI,54481,7156626764,allene_iturbide@cox.net
Chanel,Caudy,86 Nw 66th St #8673,Shawnee,KS,66218,9133882079,chanel.caudy@caudy.org
Ezekiel,Chui,2 Cedar Ave #84,Easton,MD,21601,4106691642,ezekiel@chui.com
Willow,Kusko,90991 Thorburn Ave,New York,NY,10011,2125824976,wkusko@yahoo.com
Bernardo,Figeroa,386 9th Ave N,Conroe,TX,77301,9363363951,bfigeroa@aol.com
Ammie,Corrio,74874 Atlantic Ave,Columbus,OH,43215,6148019788,ammie@corrio.com
Francine,Vocelka,366 South Dr,Las Cruces,NM,88011,5059773911,francine_vocelka@vocelka.com
Ernie,Stenseth,45 E Liberty St,Ridgefield Park,NJ,7660,2017096245,ernie_stenseth@aol.com
Albina,Glick,4 Ralph Ct,Dunellen,NJ,8812,7329247882,albina@glick.com
Alishia,Sergi,2742 Distribution Way,New York,NY,10025,2128601579,asergi@gmail.com
Solange,Shinko,426 Wolf St,Metairie,LA,70002,5049799175,solange@shinko.com
Jose,Stockham,128 Bransten Rd,New York,NY,10011,2126758570,jose@yahoo.com
Rozella,Ostrosky,17 Morena Blvd,Camarillo,CA,93012,8058326163,rozella.ostrosky@ostrosky.com
Valentine,Gillian,775 W 17th St,San Antonio,TX,78204,2108129597,valentine_gillian@gmail.com
Kati,Rulapaugh,6980 Dorsett Rd,Abilene,KS,67410,7854637829,kati.rulapaugh@hotmail.com
Youlanda,Schemmer,2881 Lewis Rd,Prineville,OR,97754,5415488197,youlanda@aol.com
Dyan,Oldroyd,7219 Woodfield Rd,Overland Park,KS,66204,9134134604,doldroyd@aol.com
Roxane,Campain,1048 Main St,Fairbanks,AK,99708,9072314722,roxane@hotmail.com
Lavera,Perin,678 3rd Ave,Miami,FL,33196,3056067291,lperin@perin.org
Erick,Ferencz,20 S Babcock St,Fairbanks,AK,99712,9077411044,erick.ferencz@aol.com
Fatima,Saylors,2 Lighthouse Ave,Hopkins,MN,55343,9527682416,fsaylors@saylors.org
Jina,Briddick,38938 Park Blvd,Boston,MA,2128,6173995124,jina_briddick@briddick.com
Kanisha,Waycott,5 Tomahawk Dr,Los Angeles,CA,90006,3234532780,kanisha_waycott@yahoo.com
Emerson,Bowley,762 S Main St,Madison,WI,53711,6083367444,emerson.bowley@bowley.org
Blair,Malet,209 Decker Dr,Philadelphia,PA,19132,2159079111,bmalet@yahoo.com
Brock,Bolognia,4486 W O St #1,New York,NY,10003,2124029216,bbolognia@yahoo.com
Lorrie,Nestle,39 S 7th St,Tullahoma,TN,37388,9318756644,lnestle@hotmail.com
Sabra,Uyetake,98839 Hawthorne Blvd #6101,Columbia,SC,29201,8039255213,sabra@uyetake.org
Marjory,Mastella,71 San Mateo Ave,Wayne,PA,19087,6108145533,mmastella@mastella.com
Karl,Klonowski,76 Brooks St #9,Flemington,NJ,8822,9088776135,karl_klonowski@yahoo.com
Tonette,Wenner,4545 Courthouse Rd,Westbury,NY,11590,5169686051,twenner@aol.com
Amber,Monarrez,14288 Foster Ave #4121,Jenkintown,PA,19046,2159348655,amber_monarrez@monarrez.org
Shenika,Seewald,4 Otis St,Van Nuys,CA,91405,8184234007,shenika@gmail.com
Delmy,Ahle,65895 S 16th St,Providence,RI,2909,4014582547,delmy.ahle@hotmail.com
Deeanna,Juhas,14302 Pennsylvania Ave,Huntingdon Valley,PA,19006,2152119589,deeanna_juhas@gmail.com
Blondell,Pugh,201 Hawk Ct,Providence,RI,2904,4019608259,bpugh@aol.com
Jamal,Vanausdal,53075 Sw 152nd Ter #615,Monroe Township,NJ,8831,7322341546,jamal@vanausdal.org
Cecily,Hollack,59 N Groesbeck Hwy,Austin,TX,78731,5124863817,cecily@hollack.org
Carmelina,Lindall,2664 Lewis Rd,Littleton,CO,80126,3037247371,carmelina_lindall@lindall.com
Maurine,Yglesias,59 Shady Ln #53,Milwaukee,WI,53214,4147481374,maurine_yglesias@yglesias.com
Tawna,Buvens,3305 Nabell Ave #679,New York,NY,10009,2126749610,tawna@gmail.com
Penney,Weight,18 Fountain St,Anchorage,AK,99515,9077979628,penney_weight@aol.com
Elly,Morocco,7 W 32nd St,Erie,PA,16502,8143935571,elly_morocco@gmail.com
Ilene,Eroman,2853 S Central Expy,Glen Burnie,MD,21061,4109149018,ilene.eroman@hotmail.com
Vallie,Mondella,74 W College St,Boise,ID,83707,2088625339,vmondella@mondella.com
Kallie,Blackwood,701 S Harrison Rd,San Francisco,CA,94104,4153152761,kallie.blackwood@gmail.com
Johnetta,Abdallah,1088 Pinehurst St,Chapel Hill,NC,27514,9192259345,johnetta_abdallah@aol.com
Bobbye,Rhym,30 W 80th St #1995,San Carlos,CA,94070,6505285783,brhym@rhym.com
Micaela,Rhymes,20932 Hedley St,Concord,CA,94520,9256473298,micaela_rhymes@gmail.com
Tamar,Hoogland,2737 Pistorio Rd #9230,London,OH,43140,7403438575,tamar@hotmail.com
Moon,Parlato,74989 Brandon St,Wellsville,NY,14895,5858668313,moon@yahoo.com
Laurel,Reitler,6 Kains Ave,Baltimore,MD,21215,4105204832,laurel_reitler@reitler.com
Delisa,Crupi,47565 W Grand Ave,Newark,NJ,7105,9733542040,delisa.crupi@crupi.com
Viva,Toelkes,4284 Dorigo Ln,Chicago,IL,60647,7734465569,viva.toelkes@gmail.com
Elza,Lipke,6794 Lake Dr E,Newark,NJ,7104,9739273447,elza@yahoo.com
Devorah,Chickering,31 Douglas Blvd #950,Clovis,NM,88101,5059758559,devorah@hotmail.com
Timothy,Mulqueen,44 W 4th St,Staten Island,NY,10309,7183326527,timothy_mulqueen@mulqueen.org
Arlette,Honeywell,11279 Loytan St,Jacksonville,FL,32254,9047754480,ahoneywell@honeywell.com
Dominque,Dickerson,69 Marquette Ave,Hayward,CA,94545,5109933758,dominque.dickerson@dickerson.org
Lettie,Isenhower,70 W Main St,Beachwood,OH,44122,2166577668,lettie_isenhower@yahoo.com
Myra,Munns,461 Prospect Pl #316,Euless,TX,76040,8179147518,mmunns@cox.net
Stephaine,Barfield,47154 Whipple Ave Nw,Gardena,CA,90247,3107747643,stephaine@barfield.com
Lai,Gato,37 Alabama Ave,Evanston,IL,60201,8477287286,lai.gato@gato.org
Stephen,Emigh,3777 E Richmond St #900,Akron,OH,44302,3305375358,stephen_emigh@hotmail.com
Tyra,Shields,3 Fort Worth Ave,Philadelphia,PA,19106,2152551641,tshields@gmail.com
Tammara,Wardrip,4800 Black Horse Pike,Burlingame,CA,94010,6508031936,twardrip@cox.net
Cory,Gibes,83649 W Belmont Ave,San Gabriel,CA,91776,6265721096,cory.gibes@gmail.com
Danica,Bruschke,840 15th Ave,Waco,TX,76708,2547828569,danica_bruschke@gmail.com
Wilda,Giguere,1747 Calle Amanecer #2,Anchorage,AK,99501,9078705536,wilda@cox.net
Elvera,Benimadho,99385 Charity St #840,San Jose,CA,95110,4087038505,elvera.benimadho@cox.net
Carma,Vanheusen,68556 Central Hwy,San Leandro,CA,94577,5105037169,carma@cox.net
Malinda,Hochard,55 Riverside Ave,Indianapolis,IN,46202,3177225066,malinda.hochard@yahoo.com
Natalie,Fern,7140 University Ave,Rock Springs,WY,82901,3077048713,natalie.fern@hotmail.com
Lisha,Centini,64 5th Ave #1153,Mc Lean,VA,22102,7032353937,lisha@centini.org
Arlene,Klusman,3 Secor Rd,New Orleans,LA,70112,5047105840,arlene_klusman@gmail.com
Alease,Buemi,4 Webbs Chapel Rd,Boulder,CO,80303,3033014946,alease@buemi.com
Louisa,Cronauer,524 Louisiana Ave Nw,San Leandro,CA,94577,5108287047,louisa@cronauer.com
Angella,Cetta,185 Blackstone Bldge,Honolulu,HI,96817,8088927943,angella.cetta@hotmail.com
Cyndy,Goldammer,170 Wyoming Ave,Burnsville,MN,55337,9523349408,cgoldammer@cox.net
Rosio,Cork,4 10th St W,High Point,NC,27263,3362435659,rosio.cork@gmail.com
Celeste,Korando,7 W Pinhook Rd,Lynbrook,NY,11563,5165092347,ckorando@hotmail.com
Twana,Felger,1 Commerce Way,Portland,OR,97224,5039393153,twana.felger@felger.org
Estrella,Samu,64 Lakeview Ave,Beloit,WI,53511,6089767199,estrella@aol.com
Donte,Kines,3 Aspen St,Worcester,MA,1602,5084298576,dkines@hotmail.com
Tiffiny,Steffensmeier,32860 Sierra Rd,Miami,FL,33133,3053859695,tiffiny_steffensmeier@cox.net
Edna,Miceli,555 Main St,Erie,PA,16502,8144602655,emiceli@miceli.org
Sue,Kownacki,2 Se 3rd Ave,Mesquite,TX,75149,9726663413,sue@aol.com
Jesusa,Shin,2239 Shawnee Mission Pky,Tullahoma,TN,37388,9312738709,jshin@shin.com
Rolland,Francescon,2726 Charcot Ave,Paterson,NJ,7501,9736492922,rolland@cox.net
Pamella,Schmierer,5161 Dorsett Rd,Homestead,FL,33030,3054208970,pamella.schmierer@schmierer.org
Glory,Kulzer,55892 Jacksonville Rd,Owings Mills,MD,21117,4102249462,gkulzer@kulzer.org
Shawna,Palaspas,5 N Cleveland Massillon Rd,Thousand Oaks,CA,91362,8052753566,shawna_palaspas@palaspas.org
Brandon,Callaro,7 Benton Dr,Honolulu,HI,96819,8082156832,brandon_callaro@hotmail.com
Scarlet,Cartan,9390 S Howell Ave,Albany,GA,31701,2297353378,scarlet.cartan@yahoo.com
Oretha,Menter,8 County Center Dr #647,Boston,MA,2210,6174185043,oretha_menter@yahoo.com
Ty,Smith,4646 Kaahumanu St,Hackensack,NJ,7601,2016721553,tsmith@aol.com
Xuan,Rochin,2 Monroe St,San Mateo,CA,94403,6509335072,xuan@gmail.com
Lindsey,Dilello,52777 Leaders Heights Rd,Ontario,CA,91761,9096399887,lindsey.dilello@hotmail.com
Devora,Perez,72868 Blackington Ave,Oakland,CA,94606,5109553016,devora_perez@perez.org
Herman,Demesa,9 Norristown Rd,Troy,NY,12180,5184972940,hdemesa@cox.net
Rory,Papasergi,83 County Road 437 #8581,Clarks Summit,PA,18411,5708677489,rpapasergi@cox.net
Talia,Riopelle,1 N Harlem Ave #9,Orange,NJ,7050,9732452133,talia_riopelle@aol.com
Van,Shire,90131 J St,Pittstown,NJ,8867,9084092890,van.shire@shire.com
Lucina,Lary,8597 W National Ave,Cocoa,FL,32922,3217494981,lucina_lary@cox.net
Bok,Isaacs,6 Gilson St,Bronx,NY,10468,7188093762,bok.isaacs@aol.com
Rolande,Spickerman,65 W Maple Ave,Pearl City,HI,96782,8083153077,rolande.spickerman@spickerman.com
Howard,Paulas,866 34th Ave,Denver,CO,80231,3036234241,hpaulas@gmail.com
Kimbery,Madarang,798 Lund Farm Way,Rockaway,NJ,7866,9733101634,kimbery_madarang@cox.net
Thurman,Manno,9387 Charcot Ave,Absecon,NJ,8201,6095243586,thurman.manno@yahoo.com
Becky,Mirafuentes,30553 Washington Rd,Plainfield,NJ,7062,9088778409,becky.mirafuentes@mirafuentes.com
Beatriz,Corrington,481 W Lemon St,Middleboro,MA,2346,5085844279,beatriz@yahoo.com
Marti,Maybury,4 Warehouse Point Rd #7,Chicago,IL,60638,7737754522,marti.maybury@yahoo.com
Nieves,Gotter,4940 Pulaski Park Dr,Portland,OR,97202,5035275274,nieves_gotter@gmail.com
Leatha,Hagele,627 Walford Ave,Dallas,TX,75227,2143391809,lhagele@cox.net
Valentin,Klimek,137 Pioneer Way,Chicago,IL,60604,3123035453,vklimek@klimek.org
Melissa,Wiklund,61 13 Stoneridge #835,Findlay,OH,45840,4199393613,melissa@cox.net
Sheridan,Zane,2409 Alabama Rd,Riverside,CA,92501,9516453605,sheridan.zane@zane.com
Bulah,Padilla,8927 Vandever Ave,Waco,TX,76707,2544634368,bulah_padilla@hotmail.com
Audra,Kohnert,134 Lewis Rd,Nashville,TN,37211,6154067854,audra@kohnert.com
Daren,Weirather,9 N College Ave #3,Milwaukee,WI,53216,4149592540,dweirather@aol.com
Fernanda,Jillson,60480 Old Us Highway 51,Preston,MD,21655,4103875260,fjillson@aol.com
Gearldine,Gellinger,4 Bloomfield Ave,Irving,TX,75061,9729346914,gearldine_gellinger@gellinger.com
Chau,Kitzman,429 Tiger Ln,Beverly Hills,CA,90212,3105608022,chau@gmail.com
Theola,Frey,54169 N Main St,Massapequa,NY,11758,5169485768,theola_frey@frey.com
Cheryl,Haroldson,92 Main St,Atlantic City,NJ,8401,6095187697,cheryl@haroldson.org
Laticia,Merced,72 Mannix Dr,Cincinnati,OH,45203,5135087371,lmerced@gmail.com
Carissa,Batman,12270 Caton Center Dr,Eugene,OR,97401,5413264074,carissa.batman@yahoo.com
Lezlie,Craghead,749 W 18th St #45,Smithfield,NC,27577,9195333762,lezlie.craghead@craghead.org
Ozell,Shealy,8 Industry Ln,New York,NY,10002,2123328435,oshealy@hotmail.com
Arminda,Parvis,1 Huntwood Ave,Phoenix,AZ,85017,6029069419,arminda@parvis.com
Reita,Leto,55262 N French Rd,Indianapolis,IN,46240,3172341135,reita.leto@gmail.com
Yolando,Luczki,422 E 21st St,Syracuse,NY,13214,3153044759,yolando@cox.net
Lizette,Stem,501 N 19th Ave,Cherry Hill,NJ,8002,8564875412,lizette.stem@aol.com
Gregoria,Pawlowicz,455 N Main Ave,Garden City,NY,11530,5162121915,gpawlowicz@yahoo.com
Carin,Deleo,1844 Southern Blvd,Little Rock,AR,72202,5013081040,cdeleo@deleo.com
Chantell,Maynerich,2023 Greg St,Saint Paul,MN,55101,6515912583,chantell@yahoo.com
Dierdre,Yum,63381 Jenks Ave,Philadelphia,PA,19134,2153253042,dyum@yahoo.com
Larae,Gudroe,6651 Municipal Rd,Houma,LA,70360,9858907262,larae_gudroe@gmail.com
Latrice,Tolfree,81 Norris Ave #525,Ronkonkoma,NY,11779,6319577624,latrice.tolfree@hotmail.com
Kerry,Theodorov,6916 W Main St,Sacramento,CA,95827,9165913277,kerry.theodorov@gmail.com
Dorthy,Hidvegi,9635 S Main St,Boise,ID,83704,2086492373,dhidvegi@yahoo.com
Fannie,Lungren,17 Us Highway 111,Round Rock,TX,78664,5125875746,fannie.lungren@yahoo.com
Evangelina,Radde,992 Civic Center Dr,Philadelphia,PA,19123,2159643284,evangelina@aol.com
Novella,Degroot,303 N Radcliffe St,Hilo,HI,96720,8084774775,novella_degroot@degroot.org
Clay,Hoa,73 Saint Ann St #86,Reno,NV,89502,7755018109,choa@hoa.org
Jennifer,Fallick,44 58th St,Wheeling,IL,60090,8479799545,jfallick@yahoo.com
Irma,Wolfgramm,9745 W Main St,Randolph,NJ,7869,9735457355,irma.wolfgramm@hotmail.com
Eun,Coody,84 Bloomfield Ave,Spartanburg,SC,29301,8642563620,eun@yahoo.com
Sylvia,Cousey,287 Youngstown Warren Rd,Hampstead,MD,21074,4102099545,sylvia_cousey@cousey.org
Nana,Wrinkles,6 Van Buren St,Mount Vernon,NY,10553,9148552115,nana@aol.com
Layla,Springe,229 N Forty Driv,New York,NY,10011,2122603151,layla.springe@cox.net
Joesph,Degonia,2887 Knowlton St #5435,Berkeley,CA,94710,5106779785,joesph_degonia@degonia.org
Annabelle,Boord,523 Marquette Ave,Concord,MA,1742,9786976263,annabelle.boord@cox.net
Stephaine,Vinning,3717 Hamann Industrial Pky,San Francisco,CA,94104,4157676596,stephaine@cox.net
Nelida,Sawchuk,3 State Route 35 S,Paramus,NJ,7652,2019711638,nelida@gmail.com
Marguerita,Hiatt,82 N Highway 67,Oakley,CA,94561,9256347158,marguerita.hiatt@gmail.com
Carmela,Cookey,9 Murfreesboro Rd,Chicago,IL,60623,7734944195,ccookey@cookey.org
Junita,Brideau,6 S Broadway St,Cedar Grove,NJ,7009,9739433423,jbrideau@aol.com
Claribel,Varriano,6 Harry L Dr #6327,Perrysburg,OH,43551,4195444900,claribel_varriano@cox.net
Benton,Skursky,47939 Porter Ave,Gardena,CA,90248,3105792907,benton.skursky@aol.com
Hillary,Skulski,9 Wales Rd Ne #914,Homosassa,FL,34448,3522422570,hillary.skulski@aol.com
Merilyn,Bayless,195 13n N,Santa Clara,CA,95054,4087585015,merilyn_bayless@cox.net
Teri,Ennaco,99 Tank Farm Rd,Hazleton,PA,18201,5708895187,tennaco@gmail.com
Merlyn,Lawler,4671 Alemany Blvd,Jersey City,NJ,7304,2015887810,merlyn_lawler@hotmail.com
Georgene,Montezuma,98 University Dr,San Ramon,CA,94583,9256155185,gmontezuma@cox.net
Jettie,Mconnell,50 E Wacker Dr,Bridgewater,NJ,8807,9088023564,jmconnell@hotmail.com
Lemuel,Latzke,70 Euclid Ave #722,Bohemia,NY,11716,6317486479,lemuel.latzke@gmail.com
Melodie,Knipp,326 E Main St #6496,Thousand Oaks,CA,91362,8056901682,mknipp@gmail.com
Candida,Corbley,406 Main St,Somerville,NJ,8876,9082758357,candida_corbley@hotmail.com
Karan,Karpin,3 Elmwood Dr,Beaverton,OR,97005,5039408327,karan_karpin@gmail.com
Andra,Scheyer,9 Church St,Salem,OR,97302,5035162189,andra@gmail.com
Felicidad,Poullion,9939 N 14th St,Riverton,NJ,8077,8563059731,fpoullion@poullion.com
Belen,Strassner,5384 Southwyck Blvd,Douglasville,GA,30135,7705078791,belen_strassner@aol.com
Gracia,Melnyk,97 Airport Loop Dr,Jacksonville,FL,32216,9042353633,gracia@melnyk.com
Jolanda,Hanafan,37855 Nolan Rd,Bangor,ME,4401,2074589196,jhanafan@gmail.com
Barrett,Toyama,4252 N Washington Ave #9,Kennedale,TX,76060,8177655781,barrett.toyama@toyama.org
Helga,Fredicks,42754 S Ash Ave,Buffalo,NY,14228,7167524114,helga_fredicks@yahoo.com
Ashlyn,Pinilla,703 Beville Rd,Opa Locka,FL,33054,3056709628,apinilla@cox.net
Fausto,Agramonte,5 Harrison Rd,New York,NY,10038,2123131783,fausto_agramonte@yahoo.com
Ronny,Caiafa,73 Southern Blvd,Philadelphia,PA,19103,2156057570,ronny.caiafa@caiafa.org
Marge,Limmel,189 Village Park Rd,Crestview,FL,32536,8504301663,marge@gmail.com
Norah,Waymire,6 Middlegate Rd #106,San Francisco,CA,94107,4153067897,norah.waymire@gmail.com
Aliza,Baltimore,1128 Delaware St,San Jose,CA,95132,4085043552,aliza@aol.com
Mozell,Pelkowski,577 Parade St,South San Francisco,CA,94080,6509471215,mpelkowski@pelkowski.org
Viola,Bitsuie,70 Mechanic St,Northridge,CA,91325,8188644875,viola@gmail.com
Franklyn,Emard,4379 Highway 116,Philadelphia,PA,19103,2155588189,femard@emard.com
Willodean,Konopacki,55 Hawthorne Blvd,Lafayette,LA,70506,3372538384,willodean_konopacki@konopacki.org
Beckie,Silvestrini,7116 Western Ave,Dearborn,MI,48126,3135334884,beckie.silvestrini@silvestrini.com
Rebecka,Gesick,2026 N Plankinton Ave #3,Austin,TX,78754,5122138574,rgesick@gesick.org
Frederica,Blunk,99586 Main St,Dallas,TX,75207,2144282285,frederica_blunk@gmail.com
Glen,Bartolet,8739 Hudson St,Vashon,WA,98070,2066975796,glen_bartolet@hotmail.com
Freeman,Gochal,383 Gunderman Rd #197,Coatesville,PA,19320,6104763501,freeman_gochal@aol.com
Vincent,Meinerding,4441 Point Term Mkt,Philadelphia,PA,19143,2153721718,vincent.meinerding@hotmail.com
Rima,Bevelacqua,2972 Lafayette Ave,Gardena,CA,90248,3108585079,rima@cox.net
Glendora,Sarbacher,2140 Diamond Blvd,Rohnert Park,CA,94928,7076538214,gsarbacher@gmail.com
Avery,Steier,93 Redmond Rd #492,Orlando,FL,32803,4078089439,avery@cox.net
Cristy,Lother,3989 Portage Tr,Escondido,CA,92025,7609714322,cristy@lother.com
Nicolette,Brossart,1 Midway Rd,Westborough,MA,1581,5088379230,nicolette_brossart@brossart.com
Tracey,Modzelewski,77132 Coon Rapids Blvd Nw,Conroe,TX,77301,9362649294,tracey@hotmail.com
Virgina,Tegarden,755 Harbor Way,Milwaukee,WI,53226,4142148697,virgina_tegarden@tegarden.com
Tiera,Frankel,87 Sierra Rd,El Monte,CA,91731,6266364117,tfrankel@aol.com
Alaine,Bergesen,7667 S Hulen St #42,Yonkers,NY,10701,9143009193,alaine_bergesen@cox.net
Earleen,Mai,75684 S Withlapopka Dr #32,Dallas,TX,75227,2142891973,earleen_mai@cox.net
Leonida,Gobern,5 Elmwood Park Blvd,Biloxi,MS,39530,2282355615,leonida@gobern.org
Ressie,Auffrey,23 Palo Alto Sq,Miami,FL,33134,3056048981,ressie.auffrey@yahoo.com
Justine,Mugnolo,38062 E Main St,New York,NY,10048,2123049225,jmugnolo@yahoo.com
Eladia,Saulter,3958 S Dupont Hwy #7,Ramsey,NJ,7446,2014744924,eladia@saulter.com
Chaya,Malvin,560 Civic Center Dr,Ann Arbor,MI,48103,7349285182,chaya@malvin.com
Gwenn,Suffield,3270 Dequindre Rd,Deer Park,NY,11729,6312586558,gwenn_suffield@suffield.org
Salena,Karpel,1 Garfield Ave #7,Canton,OH,44707,3307918557,skarpel@cox.net
Yoko,Fishburne,9122 Carpenter Ave,New Haven,CT,6511,2035064706,yoko@fishburne.com
Taryn,Moyd,48 Lenox St,Fairfax,VA,22030,7033224041,taryn.moyd@hotmail.com
Katina,Polidori,5 Little River Tpke,Wilmington,MA,1887,9786262978,katina_polidori@aol.com
Rickie,Plumer,3 N Groesbeck Hwy,Toledo,OH,43613,4196931334,rickie.plumer@aol.com
Alex,Loader,37 N Elm St #916,Tacoma,WA,98409,2536607821,alex@loader.com
Lashon,Vizarro,433 Westminster Blvd #590,Roseville,CA,95661,9167417884,lashon@aol.com
Lauran,Burnard,66697 Park Pl #3224,Riverton,WY,82501,3073427795,lburnard@burnard.com
Ceola,Setter,96263 Greenwood Pl,Warren,ME,4864,2076277565,ceola.setter@setter.org
My,Rantanen,8 Mcarthur Ln,Richboro,PA,18954,2154915633,my@hotmail.com
Lorrine,Worlds,8 Fair Lawn Ave,Tampa,FL,33614,8137692939,lorrine.worlds@worlds.com
Peggie,Sturiale,9 N 14th St,El Cajon,CA,92020,6196081763,peggie@cox.net
Marvel,Raymo,9 Vanowen St,College Station,TX,77840,9797188968,mraymo@yahoo.com
Daron,Dinos,18 Waterloo Geneva Rd,Highland Park,IL,60035,8472333075,daron_dinos@cox.net
An,Fritz,506 S Hacienda Dr,Atlantic City,NJ,8401,6092285265,an_fritz@hotmail.com
Portia,Stimmel,3732 Sherman Ave,Bridgewater,NJ,8807,9087227128,portia.stimmel@aol.com
Rhea,Aredondo,25657 Live Oak St,Brooklyn,NY,11226,7185609537,rhea_aredondo@cox.net
Benedict,Sama,4923 Carey Ave,Saint Louis,MO,63104,3147871588,bsama@cox.net
Alyce,Arias,3196 S Rider Trl,Stockton,CA,95207,2093171801,alyce@arias.org
Heike,Berganza,3 Railway Ave #75,Little Falls,NJ,7424,9739365095,heike@gmail.com
Carey,Dopico,87393 E Highland Rd,Indianapolis,IN,46220,3175782453,carey_dopico@dopico.org
Dottie,Hellickson,67 E Chestnut Hill Rd,Seattle,WA,98133,2065406076,dottie@hellickson.org
Deandrea,Hughey,33 Lewis Rd #46,Burlington,NC,27215,3368227652,deandrea@yahoo.com
Kimberlie,Duenas,8100 Jacksonville Rd #7,Hays,KS,67601,7856298542,kimberlie_duenas@yahoo.com
Martina,Staback,7 W Wabansia Ave #227,Orlando,FL,32822,4074716908,martina_staback@staback.com
Skye,Fillingim,25 Minters Chapel Rd #9,Minneapolis,MN,55401,6125082655,skye_fillingim@yahoo.com
Jade,Farrar,6882 Torresdale Ave,Columbia,SC,29201,8033525387,jade.farrar@yahoo.com
Charlene,Hamilton,985 E 6th Ave,Santa Rosa,CA,95407,7073001771,charlene.hamilton@hotmail.com
Geoffrey,Acey,7 West Ave #1,Palatine,IL,60067,8472221734,geoffrey@gmail.com
Stevie,Westerbeck,26659 N 13th St,Costa Mesa,CA,92626,9498674077,stevie.westerbeck@yahoo.com
Pamella,Fortino,669 Packerland Dr #1438,Denver,CO,80212,3034042210,pamella@fortino.com
Harrison,Haufler,759 Eldora St,New Haven,CT,6515,2038016193,hhaufler@hotmail.com
Johnna,Engelberg,5 S Colorado Blvd #449,Bothell,WA,98021,4259867573,jengelberg@engelberg.org
Buddy,Cloney,944 Gaither Dr,Strongsville,OH,44136,4409895826,buddy.cloney@yahoo.com
Dalene,Riden,66552 Malone Rd,Plaistow,NH,3865,6033156839,dalene.riden@aol.com
Jerry,Zurcher,77 Massillon Rd #822,Satellite Beach,FL,32937,3215185938,jzurcher@zurcher.org
Haydee,Denooyer,25346 New Rd,New York,NY,10016,2127928658,hdenooyer@denooyer.org
Joseph,Cryer,60 Fillmore Ave,Huntington Beach,CA,92647,7145842237,joseph_cryer@cox.net
Deonna,Kippley,57 Haven Ave #90,Southfield,MI,48075,2489134677,deonna_kippley@hotmail.com
Raymon,Calvaresi,6538 E Pomona St #60,Indianapolis,IN,46222,3178254724,raymon.calvaresi@gmail.com
Alecia,Bubash,6535 Joyce St,Wichita Falls,TX,76301,9402767922,alecia@aol.com
Ma,Layous,78112 Morris Ave,North Haven,CT,6473,2037213388,mlayous@hotmail.com
Detra,Coyier,96950 Hidden Ln,Aberdeen,MD,21001,4107399277,detra@aol.com
Terrilyn,Rodeigues,3718 S Main St,New Orleans,LA,70130,5044634384,terrilyn.rodeigues@cox.net
Salome,Lacovara,9677 Commerce Dr,Richmond,VA,23219,8045505097,slacovara@gmail.com
Garry,Keetch,5 Green Pond Rd #4,Southampton,PA,18966,2159798776,garry_keetch@hotmail.com
Matthew,Neither,636 Commerce Dr #42,Shakopee,MN,55379,9526517597,mneither@yahoo.com
Theodora,Restrepo,42744 Hamann Industrial Pky #82,Miami,FL,33136,3059368226,theodora.restrepo@restrepo.com
Noah,Kalafatis,1950 5th Ave,Milwaukee,WI,53209,4142635287,noah.kalafatis@aol.com
Carmen,Sweigard,61304 N French Rd,Somerset,NJ,8873,7329412621,csweigard@sweigard.com
Lavonda,Hengel,87 Imperial Ct #79,Fargo,ND,58102,7018982154,lavonda@cox.net
Junita,Stoltzman,94 W Dodge Rd,Carson City,NV,89701,7756389963,junita@aol.com
Herminia,Nicolozakes,4 58th St #3519,Scottsdale,AZ,85254,6029545141,herminia@nicolozakes.org
Casie,Good,5221 Bear Valley Rd,Nashville,TN,37211,6153902251,casie.good@aol.com
Reena,Maisto,9648 S Main,Salisbury,MD,21801,4103511863,reena@hotmail.com
Mirta,Mallett,7 S San Marcos Rd,New York,NY,10004,2128701286,mirta_mallett@gmail.com
Cathrine,Pontoriero,812 S Haven St,Amarillo,TX,79109,8067031435,cathrine.pontoriero@pontoriero.com
Filiberto,Tawil,3882 W Congress St #799,Los Angeles,CA,90016,3237652528,ftawil@hotmail.com
Raul,Upthegrove,4 E Colonial Dr,La Mesa,CA,91942,6195095282,rupthegrove@yahoo.com
Sarah,Candlish,45 2nd Ave #9759,Atlanta,GA,30328,7707321194,sarah.candlish@gmail.com
Lucy,Treston,57254 Brickell Ave #372,Worcester,MA,1602,5087695250,lucy@cox.net
Judy,Aquas,8977 Connecticut Ave Nw #3,Niles,MI,49120,2697567222,jaquas@aquas.com
Yvonne,Tjepkema,9 Waydell St,Fairfield,NJ,7004,9737141721,yvonne.tjepkema@hotmail.com
Kayleigh,Lace,43 Huey P Long Ave,Lafayette,LA,70508,3377409323,kayleigh.lace@yahoo.com
Felix,Hirpara,7563 Cornwall Rd #4462,Denver,PA,17517,7174915643,felix_hirpara@cox.net
Tresa,Sweely,22 Bridle Ln,Valley Park,MO,63088,3143599566,tresa_sweely@hotmail.com
Kristeen,Turinetti,70099 E North Ave,Arlington,TX,76013,8172138851,kristeen@gmail.com
Jenelle,Regusters,3211 E Northeast Loop,Tampa,FL,33619,8139328715,jregusters@regusters.com
Renea,Monterrubio,26 Montgomery St,Atlanta,GA,30328,7706794752,renea@hotmail.com
Olive,Matuszak,13252 Lighthouse Ave,Cathedral City,CA,92234,7609386069,olive@aol.com
Ligia,Reiber,206 Main St #2804,Lansing,MI,48933,5179061108,lreiber@cox.net
Christiane,Eschberger,96541 W Central Blvd,Phoenix,AZ,85034,6023904944,christiane.eschberger@yahoo.com
Goldie,Schirpke,34 Saint George Ave #2,Bangor,ME,4401,2072957569,goldie.schirpke@yahoo.com
Loreta,Timenez,47857 Coney Island Ave,Clinton,MD,20735,3016966420,loreta.timenez@hotmail.com
Fabiola,Hauenstein,8573 Lincoln Blvd,York,PA,17404,7178093119,fabiola.hauenstein@hauenstein.org
Amie,Perigo,596 Santa Maria Ave #7913,Mesquite,TX,75150,9724197946,amie.perigo@yahoo.com
Raina,Brachle,3829 Ventura Blvd,Butte,MT,59701,4063181515,raina.brachle@brachle.org
Erinn,Canlas,13 S Hacienda Dr,Livingston,NJ,7039,9737673008,erinn.canlas@canlas.com
Cherry,Lietz,40 9th Ave Sw #91,Waterford,MI,48329,2489806904,cherry@lietz.com
Kattie,Vonasek,2845 Boulder Crescent St,Cleveland,OH,44103,2169233715,kattie@vonasek.org
Lilli,Scriven,33 State St,Abilene,TX,79601,3256311560,lilli@aol.com
Whitley,Tomasulo,2 S 15th St,Fort Worth,TX,76107,8175264408,whitley.tomasulo@aol.com
Barbra,Adkin,4 Kohler Memorial Dr,Brooklyn,NY,11230,7182013751,badkin@hotmail.com
Hermila,Thyberg,1 Rancho Del Mar Shopping C,Providence,RI,2903,4018934882,hermila_thyberg@hotmail.com
Jesusita,Flister,3943 N Highland Ave,Lancaster,PA,17601,7178859118,jesusita.flister@hotmail.com
Caitlin,Julia,5 Williams St,Johnston,RI,2919,4019484982,caitlin.julia@julia.org
Roosevelt,Hoffis,60 Old Dover Rd,Hialeah,FL,33014,3056224739,roosevelt.hoffis@aol.com
Helaine,Halter,8 Sheridan Rd,Jersey City,NJ,7304,2018324168,hhalter@yahoo.com
Lorean,Martabano,85092 Southern Blvd,San Antonio,TX,78204,2108564979,lorean.martabano@hotmail.com
France,Buzick,64 Newman Springs Rd E,Brooklyn,NY,11219,7184788504,france.buzick@yahoo.com
Justine,Ferrario,48 Stratford Ave,Pomona,CA,91768,9099933242,jferrario@hotmail.com
Adelina,Nabours,80 Pittsford Victor Rd #9,Cleveland,OH,44103,2162304892,adelina_nabours@gmail.com
Derick,Dhamer,87163 N Main Ave,New York,NY,10013,2123044515,ddhamer@cox.net
Jerry,Dallen,393 Lafayette Ave,Richmond,VA,23219,8047629576,jerry.dallen@yahoo.com
Leota,Ragel,99 5th Ave #33,Trion,GA,30753,7062214243,leota.ragel@gmail.com
Jutta,Amyot,49 N Mays St,Broussard,LA,70518,3375151438,jamyot@hotmail.com
Aja,Gehrett,993 Washington Ave,Nutley,NJ,7110,9735442677,aja_gehrett@hotmail.com
Kirk,Herritt,88 15th Ave Ne,Vestal,NY,13850,6074073716,kirk.herritt@aol.com
Leonora,Mauson,3381 E 40th Ave,Passaic,NJ,7055,9734122995,leonora@yahoo.com
Winfred,Brucato,201 Ridgewood Rd,Moscow,ID,83843,2082524552,winfred_brucato@hotmail.com
Tarra,Nachor,39 Moccasin Dr,San Francisco,CA,94104,4154111775,tarra.nachor@cox.net
Corinne,Loder,4 Carroll St,North Attleboro,MA,2760,5089424186,corinne@loder.org
Dulce,Labreche,9581 E Arapahoe Rd,Rochester,MI,48307,2483578718,dulce_labreche@yahoo.com
Kate,Keneipp,33 N Michigan Ave,Green Bay,WI,54301,9203536377,kate_keneipp@yahoo.com
Kaitlyn,Ogg,2 S Biscayne Blvd,Baltimore,MD,21230,4106654903,kaitlyn.ogg@gmail.com
Sherita,Saras,8 Us Highway 22,Colorado Springs,CO,80937,7196691664,sherita.saras@cox.net
Lashawnda,Stuer,7422 Martin Ave #8,Toledo,OH,43607,4195888719,lstuer@cox.net
Ernest,Syrop,94 Chase Rd,Hyattsville,MD,20785,3019989644,ernest@cox.net
Nobuko,Halsey,8139 I Hwy 10 #92,New Bedford,MA,2745,5088559887,nobuko.halsey@yahoo.com
Lavonna,Wolny,5 Cabot Rd,Mc Lean,VA,22102,7034831970,lavonna.wolny@hotmail.com
Lashaunda,Lizama,3387 Ryan Dr,Hanover,MD,21076,4106782473,llizama@cox.net
Mariann,Bilden,3125 Packer Ave #9851,Austin,TX,78753,5122234791,mariann.bilden@aol.com
Helene,Rodenberger,347 Chestnut St,Peoria,AZ,85381,6234618551,helene@aol.com
Roselle,Estell,8116 Mount Vernon Ave,Bucyrus,OH,44820,4195715920,roselle.estell@hotmail.com
Samira,Heintzman,8772 Old County Rd #5410,Kent,WA,98032,2063114137,sheintzman@hotmail.com
Margart,Meisel,868 State St #38,Cincinnati,OH,45251,5136172362,margart_meisel@yahoo.com
Kristofer,Bennick,772 W River Dr,Bloomington,IN,47404,8123681511,kristofer.bennick@yahoo.com
Weldon,Acuff,73 W Barstow Ave,Arlington Heights,IL,60004,8473532156,wacuff@gmail.com
Shalon,Shadrick,61047 Mayfield Ave,Brooklyn,NY,11223,7182322337,shalon@cox.net
Denise,Patak,2139 Santa Rosa Ave,Orlando,FL,32801,4074464358,denise@patak.org
Louvenia,Beech,598 43rd St,Beverly Hills,CA,90210,3108202117,louvenia.beech@beech.com
Audry,Yaw,70295 Pioneer Ct,Brandon,FL,33511,8137974816,audry.yaw@yaw.org
Kristel,Ehmann,92899 Kalakaua Ave,El Paso,TX,79925,9154521290,kristel.ehmann@aol.com
Vincenza,Zepp,395 S 6th St #2,El Cajon,CA,92020,6196035125,vzepp@gmail.com
Elouise,Gwalthney,9506 Edgemore Ave,Bladensburg,MD,20710,3018415012,egwalthney@yahoo.com
Venita,Maillard,72119 S Walker Ave #63,Anaheim,CA,92801,7145236653,venita_maillard@gmail.com
Kasandra,Semidey,369 Latham St #500,Saint Louis,MO,63102,3147329131,kasandra_semidey@semidey.com
Xochitl,Discipio,3158 Runamuck Pl,Round Rock,TX,78664,5122331831,xdiscipio@gmail.com
Maile,Linahan,9 Plainsboro Rd #598,Greensboro,NC,27409,3366702640,mlinahan@yahoo.com
Krissy,Rauser,8728 S Broad St,Coram,NY,11727,6314434710,krauser@cox.net
Pete,Dubaldi,2215 Prosperity Dr,Lyndhurst,NJ,7071,2018252514,pdubaldi@hotmail.com
Linn,Paa,1 S Pine St,Memphis,TN,38112,9014124381,linn_paa@paa.com
Paris,Wide,187 Market St,Atlanta,GA,30342,4045054445,paris@hotmail.com
Wynell,Dorshorst,94290 S Buchanan St,Pacifica,CA,94044,6504731262,wynell_dorshorst@dorshorst.org
Quentin,Birkner,7061 N 2nd St,Burnsville,MN,55337,9527027993,qbirkner@aol.com
Regenia,Kannady,10759 Main St,Scottsdale,AZ,85260,4807261280,regenia.kannady@cox.net
Sheron,Louissant,97 E 3rd St #9,Long Island City,NY,11101,7189768610,sheron@aol.com
Izetta,Funnell,82 Winsor St #54,Atlanta,GA,30340,7708443447,izetta.funnell@hotmail.com
Rodolfo,Butzen,41 Steel Ct,Northfield,MN,55057,5072103510,rodolfo@hotmail.com
Zona,Colla,49440 Dearborn St,Norwalk,CT,6854,2034611949,zona@hotmail.com
Serina,Zagen,7 S Beverly Dr,Fort Wayne,IN,46802,2602733725,szagen@aol.com
Paz,Sahagun,919 Wall Blvd,Meridian,MS,39307,6019278287,paz_sahagun@cox.net
Markus,Lukasik,89 20th St E #779,Sterling Heights,MI,48310,5869707380,markus@yahoo.com
Jaclyn,Bachman,721 Interstate 45 S,Colorado Springs,CO,80919,7198533600,jaclyn@aol.com
Cyril,Daufeldt,3 Lawton St,New York,NY,10013,2127458484,cyril_daufeldt@daufeldt.com
Gayla,Schnitzler,38 Pleasant Hill Rd,Hayward,CA,94545,5106863407,gschnitzler@gmail.com
Erick,Nievas,45 E Acacia Ct,Chicago,IL,60624,7737049903,erick_nievas@aol.com
Jennie,Drymon,63728 Poway Rd #1,Scranton,PA,18509,5702184831,jennie@cox.net
Mitsue,Scipione,77 222 Dr,Oroville,CA,95965,5309869272,mscipione@scipione.com
Ciara,Ventura,53 W Carey St,Port Jervis,NY,12771,8458238877,cventura@yahoo.com
Galen,Cantres,617 Nw 36th Ave,Brook Park,OH,44142,2166006111,galen@yahoo.com
Truman,Feichtner,539 Coldwater Canyon Ave,Bloomfield,NJ,7003,9738522736,tfeichtner@yahoo.com
Gail,Kitty,735 Crawford Dr,Anchorage,AK,99501,9074359166,gail@kitty.com
Dalene,Schoeneck,910 Rahway Ave,Philadelphia,PA,19102,2152681275,dalene@schoeneck.org
Gertude,Witten,7 Tarrytown Rd,Cincinnati,OH,45217,5139777043,gertude.witten@gmail.com
Lizbeth,Kohl,35433 Blake St #588,Gardena,CA,90248,3106991222,lizbeth@yahoo.com
Glenn,Berray,29 Cherry St #7073,Des Moines,IA,50315,5153707348,gberray@gmail.com
Lashandra,Klang,810 N La Brea Ave,King of Prussia,PA,19406,6108091818,lashandra@yahoo.com
Lenna,Newville,987 Main St,Raleigh,NC,27601,9196232524,lnewville@newville.com
Laurel,Pagliuca,36 Enterprise St Se,Richland,WA,99352,5096955199,laurel@yahoo.com
Mireya,Frerking,8429 Miller Rd,Pelham,NY,10803,9148685965,mireya.frerking@hotmail.com
Annelle,Tagala,5 W 7th St,Parkville,MD,21234,4107571035,annelle@yahoo.com
Dean,Ketelsen,2 Flynn Rd,Hicksville,NY,11801,5168474418,dean_ketelsen@gmail.com
Levi,Munis,2094 Ne 36th Ave,Worcester,MA,1603,5084564907,levi.munis@gmail.com
Sylvie,Ryser,649 Tulane Ave,Tulsa,OK,74105,9186449555,sylvie@aol.com
Sharee,Maile,2094 Montour Blvd,Muskegon,MI,49442,2314679978,sharee_maile@aol.com
Cordelia,Storment,393 Hammond Dr,Lafayette,LA,70506,3375666001,cordelia_storment@aol.com
Mollie,Mcdoniel,8590 Lake Lizzie Dr,Bowling Green,OH,43402,4199753182,mollie_mcdoniel@yahoo.com
Brett,Mccullan,87895 Concord Rd,La Mesa,CA,91942,6194619984,brett.mccullan@mccullan.com
Teddy,Pedrozo,46314 Route 130,Bridgeport,CT,6610,2038923863,teddy_pedrozo@aol.com
Tasia,Andreason,4 Cowesett Ave,Kearny,NJ,7032,2019209002,tasia_andreason@yahoo.com
Hubert,Walthall,95 Main Ave #2,Barberton,OH,44203,3309031345,hubert@walthall.org
Arthur,Farrow,28 S 7th St #2824,Englewood,NJ,7631,2012385688,arthur.farrow@yahoo.com
Vilma,Berlanga,79 S Howell Ave,Grand Rapids,MI,49546,6167373085,vberlanga@berlanga.com
Billye,Miro,36 Lancaster Dr Se,Pearl,MS,39208,6015675386,billye_miro@cox.net
Glenna,Slayton,2759 Livingston Ave,Memphis,TN,38118,9016409178,glenna_slayton@cox.net
Mitzie,Hudnall,17 Jersey Ave,Englewood,CO,80110,3034021940,mitzie_hudnall@yahoo.com
Bernardine,Rodefer,2 W Grand Ave,Memphis,TN,38112,9019014726,bernardine_rodefer@yahoo.com
Staci,Schmaltz,18 Coronado Ave #563,Pasadena,CA,91106,6268662339,staci_schmaltz@aol.com
Nichelle,Meteer,72 Beechwood Ter,Chicago,IL,60657,7732259985,nichelle_meteer@meteer.com
Janine,Rhoden,92 Broadway,Astoria,NY,11103,7182285894,jrhoden@yahoo.com
Ettie,Hoopengardner,39 Franklin Ave,Richland,WA,99352,5097555393,ettie.hoopengardner@hotmail.com
Eden,Jayson,4 Iwaena St,Baltimore,MD,21202,4108907866,eden_jayson@yahoo.com
Lynelle,Auber,32820 Corkwood Rd,Newark,NJ,7104,9738608610,lynelle_auber@gmail.com
Merissa,Tomblin,34 Raritan Center Pky,Bellflower,CA,90706,5625796900,merissa.tomblin@gmail.com
Golda,Kaniecki,6201 S Nevada Ave,Toms River,NJ,8755,7326289909,golda_kaniecki@yahoo.com
Catarina,Gleich,78 Maryland Dr #146,Denville,NJ,7834,9732103994,catarina_gleich@hotmail.com
Virgie,Kiel,76598 Rd  I 95 #1,Denver,CO,80216,3037767548,vkiel@hotmail.com
Jolene,Ostolaza,1610 14th St Nw,Newport News,VA,23608,7576827116,jolene@yahoo.com
Keneth,Borgman,86350 Roszel Rd,Phoenix,AZ,85012,6029194211,keneth@yahoo.com
Rikki,Nayar,1644 Clove Rd,Miami,FL,33155,3059689487,rikki@nayar.com
Elke,Sengbusch,9 W Central Ave,Phoenix,AZ,85013,6028962993,elke_sengbusch@yahoo.com
Hoa,Sarao,27846 Lafayette Ave,Oak Hill,FL,32759,3865267800,hoa@sarao.org
Trinidad,Mcrae,10276 Brooks St,San Francisco,CA,94105,4153319634,trinidad_mcrae@yahoo.com
Mari,Lueckenbach,1 Century Park E,San Diego,CA,92110,8587939684,mari_lueckenbach@yahoo.com
Selma,Husser,9 State Highway 57 #22,Jersey City,NJ,7306,2019918369,selma.husser@cox.net
Antione,Onofrio,4 S Washington Ave,San Bernardino,CA,92410,9094307765,aonofrio@onofrio.com
Luisa,Jurney,25 Se 176th Pl,Cambridge,MA,2138,6173652134,ljurney@hotmail.com
Clorinda,Heimann,105 Richmond Valley Rd,Escondido,CA,92025,7602915497,clorinda.heimann@hotmail.com
Dick,Wenzinger,22 Spruce St #595,Gardena,CA,90248,3105109713,dick@yahoo.com
Ahmed,Angalich,2 W Beverly Blvd,Harrisburg,PA,17110,7175288996,ahmed.angalich@angalich.com
Iluminada,Ohms,72 Southern Blvd,Mesa,AZ,85204,4802932882,iluminada.ohms@yahoo.com
Joanna,Leinenbach,1 Washington St,Lake Worth,FL,33461,5614704574,joanna_leinenbach@hotmail.com
Caprice,Suell,90177 N 55th Ave,Nashville,TN,37211,6152461824,caprice@aol.com
Stephane,Myricks,9 Tower Ave,Burlington,KY,41005,8597177638,stephane_myricks@cox.net
Quentin,Swayze,278 Bayview Ave,Milan,MI,48160,7345616170,quentin_swayze@yahoo.com
Annmarie,Castros,80312 W 32nd St,Conroe,TX,77301,9367517961,annmarie_castros@gmail.com
Shonda,Greenbush,82 Us Highway 46,Clifton,NJ,7011,9734822430,shonda_greenbush@cox.net
Cecil,Lapage,4 Stovall St #72,Union City,NJ,7087,2016933967,clapage@lapage.com
Jeanice,Claucherty,19 Amboy Ave,Miami,FL,33142,3059884162,jeanice.claucherty@yahoo.com
Josphine,Villanueva,63 Smith Ln #8343,Moss,TN,38575,9315539774,josphine_villanueva@villanueva.com
Daniel,Perruzza,11360 S Halsted St,Santa Ana,CA,92705,7147713880,dperruzza@perruzza.com
Cassi,Wildfong,26849 Jefferson Hwy,Rolling Meadows,IL,60008,8476333216,cassi.wildfong@aol.com
Britt,Galam,2500 Pringle Rd Se #508,Hatfield,PA,19440,2158883304,britt@galam.org
Adell,Lipkin,65 Mountain View Dr,Whippany,NJ,7981,9736541561,adell.lipkin@lipkin.com
Jacqueline,Rowling,1 N San Saba,Erie,PA,16501,8148658113,jacqueline.rowling@yahoo.com
Lonny,Weglarz,51120 State Route 18,Salt Lake City,UT,84115,8012939853,lonny_weglarz@gmail.com
Lonna,Diestel,1482 College Ave,Fayetteville,NC,28301,9109223672,lonna_diestel@gmail.com
Cristal,Samara,4119 Metropolitan Dr,Los Angeles,CA,90021,2139758026,cristal@cox.net
Kenneth,Grenet,2167 Sierra Rd,East Lansing,MI,48823,5174992322,kenneth.grenet@grenet.org
Elli,Mclaird,6 Sunrise Ave,Utica,NY,13501,3158182638,emclaird@mclaird.com
Alline,Jeanty,55713 Lake City Hwy,South Bend,IN,46601,5746562800,ajeanty@gmail.com
Sharika,Eanes,75698 N Fiesta Blvd,Orlando,FL,32806,4073121691,sharika.eanes@aol.com
Nu,Mcnease,88 Sw 28th Ter,Harrison,NJ,7029,9737519003,nu@gmail.com
Daniela,Comnick,7 Flowers Rd #403,Trenton,NJ,8611,6092008577,dcomnick@cox.net
Cecilia,Colaizzo,4 Nw 12th St #3849,Madison,WI,53717,6083824541,cecilia_colaizzo@colaizzo.com
Leslie,Threets,2 A Kelley Dr,Katonah,NY,10536,9148619748,leslie@cox.net
Nan,Koppinger,88827 Frankford Ave,Greensboro,NC,27401,3363705333,nan@koppinger.com
Izetta,Dewar,2 W Scyene Rd #3,Baltimore,MD,21217,4104731708,idewar@dewar.com
Tegan,Arceo,62260 Park Stre,Monroe Township,NJ,8831,7327302692,tegan.arceo@arceo.org
Ruthann,Keener,3424 29th St Se,Kerrville,TX,78028,8302582769,ruthann@hotmail.com
Joni,Breland,35 E Main St #43,Elk Grove Village,IL,60007,8475195906,joni_breland@cox.net
Vi,Rentfro,7163 W Clark Rd,Freehold,NJ,7728,7326054781,vrentfro@cox.net
Colette,Kardas,21575 S Apple Creek Rd,Omaha,NE,68124,4028965943,colette.kardas@yahoo.com
Malcolm,Tromblay,747 Leonis Blvd,Annandale,VA,22003,7032215602,malcolm_tromblay@cox.net
Ryan,Harnos,13 Gunnison St,Plano,TX,75075,9725581665,ryan@cox.net
Jess,Chaffins,18 3rd Ave,New York,NY,10016,2125104633,jess.chaffins@chaffins.org
Sharen,Bourbon,62 W Austin St,Syosset,NY,11791,5168161541,sbourbon@yahoo.com
Nickolas,Juvera,177 S Rider Trl #52,Crystal River,FL,34429,3525988301,nickolas_juvera@cox.net
Gary,Nunlee,2 W Mount Royal Ave,Fortville,IN,46040,3175426023,gary_nunlee@nunlee.org
Diane,Devreese,1953 Telegraph Rd,Saint Joseph,MO,64504,8165579673,diane@cox.net
Roslyn,Chavous,63517 Dupont St,Jackson,MS,39211,6012349632,roslyn.chavous@chavous.org
Glory,Schieler,5 E Truman Rd,Abilene,TX,79602,3258692649,glory@yahoo.com
Rasheeda,Sayaphon,251 Park Ave #979,Saratoga,CA,95070,4088054309,rasheeda@aol.com
Alpha,Palaia,43496 Commercial Dr #29,Cherry Hill,NJ,8003,8563122629,alpha@yahoo.com
Refugia,Jacobos,2184 Worth St,Hayward,CA,94545,5109748671,refugia.jacobos@jacobos.com
Shawnda,Yori,50126 N Plankinton Ave,Longwood,FL,32750,4075385106,shawnda.yori@yahoo.com
Mona,Delasancha,38773 Gravois Ave,Cheyenne,WY,82001,3074031488,mdelasancha@hotmail.com
Gilma,Liukko,16452 Greenwich St,Garden City,NY,11530,5163939967,gilma_liukko@gmail.com
Janey,Gabisi,40 Cambridge Ave,Madison,WI,53715,6089677194,jgabisi@hotmail.com
Lili,Paskin,20113 4th Ave E,Kearny,NJ,7032,2014312989,lili.paskin@cox.net
Loren,Asar,6 Ridgewood Center Dr,Old Forge,PA,18518,5706483035,loren.asar@aol.com
Dorothy,Chesterfield,469 Outwater Ln,San Diego,CA,92126,8586177834,dorothy@cox.net
Gail,Similton,62 Monroe St,Thousand Palms,CA,92276,7606165388,gail_similton@similton.com
Catalina,Tillotson,3338 A Lockport Pl #6,Margate City,NJ,8402,6093733332,catalina@hotmail.com
Lawrence,Lorens,9 Hwy,Providence,RI,2906,4014656432,lawrence.lorens@hotmail.com
Carlee,Boulter,8284 Hart St,Abilene,KS,67410,7853471805,carlee.boulter@hotmail.com
Thaddeus,Ankeny,5 Washington St #1,Roseville,CA,95678,9169203571,tankeny@ankeny.org
Jovita,Oles,8 S Haven St,Daytona Beach,FL,32114,3862484118,joles@gmail.com
Alesia,Hixenbaugh,9 Front St,Washington,DC,20001,2026467516,alesia_hixenbaugh@hixenbaugh.org
Lai,Harabedian,1933 Packer Ave #2,Novato,CA,94945,4154233294,lai@gmail.com
Brittni,Gillaspie,67 Rv Cent,Boise,ID,83709,2087091235,bgillaspie@gillaspie.com
Raylene,Kampa,2 Sw Nyberg Rd,Elkhart,IN,46514,5744991454,rkampa@kampa.org
Flo,Bookamer,89992 E 15th St,Alliance,NE,69301,3087262182,flo.bookamer@cox.net
Jani,Biddy,61556 W 20th Ave,Seattle,WA,98104,2067116498,jbiddy@yahoo.com
Chauncey,Motley,63 E Aurora Dr,Orlando,FL,32804,4074134842,chauncey_motley@aol.com
